date,text,category
2024-01-15,"I absolutely love this amazing product! It's fantastic and wonderful!",tech
2024-01-15,"The service is terrible and disappointing. Very poor quality.",service
2024-01-15,"Great day! Everything is working perfectly and smoothly.",business
2024-01-15,"I'm very angry about the awful situation and terrible support.",complaint
2024-01-15,"This is the best experience ever! Absolutely brilliant!",review
2024-02-10,"The new feature is excellent and works like a charm.",tech
2024-02-10,"Disappointed with the lack of improvements and slow progress.",business
2024-02-10,"Amazing customer service! They were so helpful and friendly.",service
2024-02-10,"The product quality is disgusting and unacceptable!",complaint
2024-02-10,"I'm thrilled and excited about the new updates!",tech
2024-03-05,"Love the beautiful design and intuitive interface.",tech
2024-03-05,"This is boring and tedious. Not worth the money.",review
2024-03-05,"Wonderful experience from start to finish!",service
2024-03-05,"Terrible performance and constant crashes. Nightmare!",complaint
2024-03-05,"The team did an exceptional job. Very impressive work!",business
2024-04-20,"Outstanding results! We're very satisfied with the outcome.",business
2024-04-20,"Hate this awful mess. Complete disaster!",complaint
2024-04-20,"Delighted with the perfect execution and attention to detail.",service
2024-04-20,"Confusing interface makes it difficult to use properly.",tech
2024-04-20,"What a glorious achievement! Fantastic work everyone!",business
2024-05-12,"The support team is incredibly helpful and responsive.",service
2024-05-12,"This product is useless and a complete waste of money.",review
2024-05-12,"Brilliant innovation! Love how it solves our problems!",tech
2024-05-12,"So frustrated with the unreliable and buggy software.",complaint
2024-05-12,"Excellent quality and outstanding customer care!",review
2024-06-08,"The latest version is superb and highly recommended!",tech
2024-06-08,"Worst experience ever. Absolutely terrible service.",service
2024-06-08,"Amazing improvements! So much better than before.",business
2024-06-08,"Angry about the poor quality and constant issues.",complaint
2024-06-08,"Perfect! Exactly what we needed. Very satisfied!",review
2024-07-18,"Love the new features and awesome enhancements!",tech
2024-07-18,"This is a nightmare. Completely broken and unusable.",complaint
2024-07-18,"Great progress! The team is doing fantastic work!",business
2024-07-18,"The customer support is friendly and very accommodating.",service
2024-07-18,"Disgusting quality. Unacceptable and disappointing!",complaint
2024-08-14,"Thrilled with the excellent performance and reliability!",tech
2024-08-14,"The interface is confusing and hard to navigate.",tech
2024-08-14,"Wonderful service! Highly impressed and satisfied!",service
2024-08-14,"Terrible results. Complete failure and waste!",complaint
2024-08-14,"Brilliant solution! Love how effective it is!",business
2024-09-22,"The new update is phenomenal and game-changing!",tech
2024-09-22,"Hate the poor design and terrible user experience.",review
2024-09-22,"Fantastic achievement! The results are outstanding!",business
2024-09-22,"Nervous about the stability but hoping for the best.",tech
2024-09-22,"Delighted with the smooth and seamless experience!",service
2024-10-30,"Outstanding features! Very impressed with the quality.",tech
2024-10-30,"This is awful! Worst purchase ever made!",review
2024-10-30,"Excellent collaboration and amazing teamwork!",business
2024-10-30,"The support is slow and unhelpful. Very disappointing.",service
2024-10-30,"Beautiful interface and intuitive design. Love it!",tech
2024-11-25,"Great improvements! So much more efficient now!",business
2024-11-25,"Frustrated with the bugs and technical issues.",complaint
2024-11-25,"The team is fantastic! Great job everyone!",business
2024-11-25,"Wonderful experience overall. Highly satisfied!",review
2024-11-25,"This product is excellent and worth every penny!",review
2024-12-20,"Angry about the lack of progress and broken promises.",complaint
2024-12-20,"Thrilled with the fantastic results and improvements!",business
2024-12-20,"The interface is confusing and poorly designed.",tech
2024-12-20,"Excellent service and great attention to detail!",service
2024-12-20,"This is the best investment we could have made!",review
